[
   
     
     {  "Taskid":"4",
        "Descryption":"Homepage",
        "project":"KCBL",
        "employee":"amna"
     },
     {  "Taskid":"4",
        "Descryption":"login",
        "project":"KCBL",
        "employee":"amna"
     },
     {  "Taskid":"4",
      "Descryption":"Homepage",
      "project":"GANISH",
      "employee":"Sana"
       },
       {  "Taskid":"5",
       "Descryption":"Homepage",
       "project":"FMFI",
       "employee":"amna"
        }
    
]