[
    {    
        "Taskid":"1",
        "Descryption":"Login",
        "project":"KCBL",
        "employee":"amna"
     },
     { "Taskid":"1",
        "Descryption":"SignUp",
        "project":"FMFI",
        "employee":"hania"
     },
     {  "Taskid":"3",
        "Descryption":"Homepage",
        "project":"GANISH",
        "employee":"saba"
     },
     {  "Taskid":"4",
        "Descryption":"Homepage",
        "project":"GANISH",
        "employee":"Sana"
     }, {  "Taskid":"4",
      "Descryption":"Homepage",
      "project":"FMFI",
      "employee":"Sana"
       },
       {  "Taskid":"5",
       "Descryption":"Homepage",
       "project":"FMFI",
       "employee":"Sana"
        }
    
]